{
	"type": "object",
	"properties": {
		"nodes": {
			"type": "array",
			"items": {
				"type": "object",
				"properties": {
					"id": {
						"type": "string"
					},
					"type": {
						"enum": [
							"stakeholder",
							"driver",
							"assessment",
							"goal",
							"outcome",
							"principle",
							"requirement",
							"constraint",
							"value",
							"meaning"
						]
					},
					"name": {
						"type": "string"
					},
					"description": {
						"type": "string"
					}
				},
				"required": [
					"id",
					"type",
					"name",
					"description"
				],
				"additionalProperties": false
			}
		},
		"relationships": {
			"type": "array",
			"items": {
				"type": "object",
				"properties": {
					"type": {
						"type": "string"
					},
					"source": {
						"type": "string"
					},
					"target": {
						"type": "string"
					}
				},
				"required": [
					"type",
					"source",
					"target"
				],
				"additionalProperties": false,
				"anyOf": [{
						"type": "object",
						"properties": {
							"type": {
								"type": "string",
								"enum": [
									"influence-relationship"
								]
							},
							"source": {
								"enum": [
									"driver",
									"assessment",
									"principle",
									"constraint"
								]
							},
							"target": {
								"enum": [
									"goal",
									"outcome",
									"requirement"
								]
							}
						},
						"required": [
							"type",
							"source",
							"target"
						],
						"additionalProperties": false
					},
					{
						"type": "object",
						"properties": {
							"type": {
								"type": "string",
								"enum": [
									"influence-relationship"
								]
							},
							"source": {
								"enum": [
									"stakeholder"
								]
							},
							"target": {
								"enum": [
									"value",
									"meaning"
								]
							}
						},
						"required": [
							"type",
							"source",
							"target"
						],
						"additionalProperties": false
					}
				]
			}
		}
	},
	"required": [
		"nodes",
		"relationships"
	],
	"additionalProperties": false
}