{
  "type": "object",
  "properties": {
    "nodes": {
      "type": "array",
      "items": {
        "type": "object",
        "properties": {
          "id": {
            "type": "string"
          },
          "type": {
            "enum": [
              "stakeholder",
              "driver",
              "assessment",
              "goal",
              "outcome",
              "principle",
              "requirement",
              "constraint",
              "value",
              "course-of-action",
              "capability",
              "resource",
              "value-stream"
            ]
          },
          "name": {
            "type": "string"
          },
          "description": {
            "type": "string"
          }
        },
        "required": [
          "id",
          "type",
          "name",
          "description"
        ],
        "additionalProperties": false
      }
    },
    "relationships": {
      "type": "array",
      "items": {
        "type": "object",
        "properties": {
          "type": {
            "type": "string"
          },
          "source": {
            "type": "string"
          },
          "target": {
            "type": "string"
          }
        },
        "required": [
          "type",
          "source",
          "target"
        ],
        "additionalProperties": false,
        "anyOf": [
          {
            "type": "object",
            "properties": {
              "type": {
                "type": "string",
                "enum": [
                  "association-relationship"
                ]
              },
              "source": {
                "enum": [
                  "stakeholder"
                ]
              },
              "target": {
                "enum": [
                  "value"
                ]
              }
            },
            "required": [
              "type",
              "source",
              "target"
            ],
            "additionalProperties": false
          },
          {
            "type": "object",
            "properties": {
              "type": {
                "type": "string",
                "enum": [
                  "association-relationship"
                ]
              },
              "source": {
                "enum": [
                  "stakeholder"
                ]
              },
              "target": {
                "enum": [
                  "driver"
                ]
              }
            },
            "required": [
              "type",
              "source",
              "target"
            ],
            "additionalProperties": false
          },
          {
            "type": "object",
            "properties": {
              "type": {
                "type": "string",
                "enum": [
                  "association-relationship"
                ]
              },
              "source": {
                "enum": [
                  "driver"
                ]
              },
              "target": {
                "enum": [
                  "assessment"
                ]
              }
            },
            "required": [
              "type",
              "source",
              "target"
            ],
            "additionalProperties": false
          },
          {
            "type": "object",
            "properties": {
              "type": {
                "type": "string",
                "enum": [
                  "association-relationship"
                ]
              },
              "source": {
                "enum": [
                  "driver"
                ]
              },
              "target": {
                "enum": [
                  "goal"
                ]
              }
            },
            "required": [
              "type",
              "source",
              "target"
            ],
            "additionalProperties": false
          },
          {
            "type": "object",
            "properties": {
              "type": {
                "type": "string",
                "enum": [
                  "association-relationship"
                ]
              },
              "source": {
                "enum": [
                  "assessment"
                ]
              },
              "target": {
                "enum": [
                  "goal"
                ]
              }
            },
            "required": [
              "type",
              "source",
              "target"
            ],
            "additionalProperties": false
          },
          {
            "type": "object",
            "properties": {
              "type": {
                "type": "string",
                "enum": [
                  "association-relationship"
                ]
              },
              "source": {
                "enum": [
                  "assessment"
                ]
              },
              "target": {
                "enum": [
                  "outcome"
                ]
              }
            },
            "required": [
              "type",
              "source",
              "target"
            ],
            "additionalProperties": false
          },
          {
            "type": "object",
            "properties": {
              "type": {
                "type": "string",
                "enum": [
                  "realization-relationship"
                ]
              },
              "source": {
                "enum": [
                  "outcome"
                ]
              },
              "target": {
                "enum": [
                  "goal"
                ]
              }
            },
            "required": [
              "type",
              "source",
              "target"
            ],
            "additionalProperties": false
          },
          {
            "type": "object",
            "properties": {
              "type": {
                "type": "string",
                "enum": [
                  "association-relationship"
                ]
              },
              "source": {
                "enum": [
                  "outcome"
                ]
              },
              "target": {
                "enum": [
                  "value"
                ]
              }
            },
            "required": [
              "type",
              "source",
              "target"
            ],
            "additionalProperties": false
          },
          {
            "type": "object",
            "properties": {
              "type": {
                "type": "string",
                "enum": [
                  "association-relationship"
                ]
              },
              "source": {
                "enum": [
                  "outcome"
                ]
              },
              "target": {
                "enum": [
                  "value-stream"
                ]
              }
            },
            "required": [
              "type",
              "source",
              "target"
            ],
            "additionalProperties": false
          },
          {
            "type": "object",
            "properties": {
              "type": {
                "type": "string",
                "enum": [
                  "realization-relationship"
                ]
              },
              "source": {
                "enum": [
                  "principle"
                ]
              },
              "target": {
                "enum": [
                  "goal"
                ]
              }
            },
            "required": [
              "type",
              "source",
              "target"
            ],
            "additionalProperties": false
          },
          {
            "type": "object",
            "properties": {
              "type": {
                "type": "string",
                "enum": [
                  "realization-relationship"
                ]
              },
              "source": {
                "enum": [
                  "principle"
                ]
              },
              "target": {
                "enum": [
                  "outcome"
                ]
              }
            },
            "required": [
              "type",
              "source",
              "target"
            ],
            "additionalProperties": false
          },
          {
            "type": "object",
            "properties": {
              "type": {
                "type": "string",
                "enum": [
                  "realization-relationship"
                ]
              },
              "source": {
                "enum": [
                  "requirement"
                ]
              },
              "target": {
                "enum": [
                  "goal"
                ]
              }
            },
            "required": [
              "type",
              "source",
              "target"
            ],
            "additionalProperties": false
          },
          {
            "type": "object",
            "properties": {
              "type": {
                "type": "string",
                "enum": [
                  "realization-relationship"
                ]
              },
              "source": {
                "enum": [
                  "requirement"
                ]
              },
              "target": {
                "enum": [
                  "outcome"
                ]
              }
            },
            "required": [
              "type",
              "source",
              "target"
            ],
            "additionalProperties": false
          },
          {
            "type": "object",
            "properties": {
              "type": {
                "type": "string",
                "enum": [
                  "realization-relationship"
                ]
              },
              "source": {
                "enum": [
                  "requirement"
                ]
              },
              "target": {
                "enum": [
                  "principle"
                ]
              }
            },
            "required": [
              "type",
              "source",
              "target"
            ],
            "additionalProperties": false
          },
          {
            "type": "object",
            "properties": {
              "type": {
                "type": "string",
                "enum": [
                  "realization-relationship"
                ]
              },
              "source": {
                "enum": [
                  "constraint"
                ]
              },
              "target": {
                "enum": [
                  "goal"
                ]
              }
            },
            "required": [
              "type",
              "source",
              "target"
            ],
            "additionalProperties": false
          },
          {
            "type": "object",
            "properties": {
              "type": {
                "type": "string",
                "enum": [
                  "realization-relationship"
                ]
              },
              "source": {
                "enum": [
                  "constraint"
                ]
              },
              "target": {
                "enum": [
                  "outcome"
                ]
              }
            },
            "required": [
              "type",
              "source",
              "target"
            ],
            "additionalProperties": false
          },
          {
            "type": "object",
            "properties": {
              "type": {
                "type": "string",
                "enum": [
                  "realization-relationship"
                ]
              },
              "source": {
                "enum": [
                  "constraint"
                ]
              },
              "target": {
                "enum": [
                  "principle"
                ]
              }
            },
            "required": [
              "type",
              "source",
              "target"
            ],
            "additionalProperties": false
          },
          {
            "type": "object",
            "properties": {
              "type": {
                "type": "string",
                "enum": [
                  "realization-relationship"
                ]
              },
              "source": {
                "enum": [
                  "course-of-action"
                ]
              },
              "target": {
                "enum": [
                  "outcome"
                ]
              }
            },
            "required": [
              "type",
              "source",
              "target"
            ],
            "additionalProperties": false
          },
          {
            "type": "object",
            "properties": {
              "type": {
                "type": "string",
                "enum": [
                  "realization-relationship"
                ]
              },
              "source": {
                "enum": [
                  "course-of-action"
                ]
              },
              "target": {
                "enum": [
                  "principle"
                ]
              }
            },
            "required": [
              "type",
              "source",
              "target"
            ],
            "additionalProperties": false
          },
          {
            "type": "object",
            "properties": {
              "type": {
                "type": "string",
                "enum": [
                  "realization-relationship"
                ]
              },
              "source": {
                "enum": [
                  "course-of-action"
                ]
              },
              "target": {
                "enum": [
                  "requirement"
                ]
              }
            },
            "required": [
              "type",
              "source",
              "target"
            ],
            "additionalProperties": false
          },
          {
            "type": "object",
            "properties": {
              "type": {
                "type": "string",
                "enum": [
                  "realization-relationship"
                ]
              },
              "source": {
                "enum": [
                  "course-of-action"
                ]
              },
              "target": {
                "enum": [
                  "constraint"
                ]
              }
            },
            "required": [
              "type",
              "source",
              "target"
            ],
            "additionalProperties": false
          },
          {
            "type": "object",
            "properties": {
              "type": {
                "type": "string",
                "enum": [
                  "realization-relationship"
                ]
              },
              "source": {
                "enum": [
                  "capability"
                ]
              },
              "target": {
                "enum": [
                  "goal"
                ]
              }
            },
            "required": [
              "type",
              "source",
              "target"
            ],
            "additionalProperties": false
          },
          {
            "type": "object",
            "properties": {
              "type": {
                "type": "string",
                "enum": [
                  "realization-relationship"
                ]
              },
              "source": {
                "enum": [
                  "capability"
                ]
              },
              "target": {
                "enum": [
                  "outcome"
                ]
              }
            },
            "required": [
              "type",
              "source",
              "target"
            ],
            "additionalProperties": false
          },
          {
            "type": "object",
            "properties": {
              "type": {
                "type": "string",
                "enum": [
                  "realization-relationship"
                ]
              },
              "source": {
                "enum": [
                  "capability"
                ]
              },
              "target": {
                "enum": [
                  "principle"
                ]
              }
            },
            "required": [
              "type",
              "source",
              "target"
            ],
            "additionalProperties": false
          },
          {
            "type": "object",
            "properties": {
              "type": {
                "type": "string",
                "enum": [
                  "realization-relationship"
                ]
              },
              "source": {
                "enum": [
                  "capability"
                ]
              },
              "target": {
                "enum": [
                  "requirement"
                ]
              }
            },
            "required": [
              "type",
              "source",
              "target"
            ],
            "additionalProperties": false
          },
          {
            "type": "object",
            "properties": {
              "type": {
                "type": "string",
                "enum": [
                  "realization-relationship"
                ]
              },
              "source": {
                "enum": [
                  "capability"
                ]
              },
              "target": {
                "enum": [
                  "course-of-action"
                ]
              }
            },
            "required": [
              "type",
              "source",
              "target"
            ],
            "additionalProperties": false
          },
          {
            "type": "object",
            "properties": {
              "type": {
                "type": "string",
                "enum": [
                  "serving-relationship"
                ]
              },
              "source": {
                "enum": [
                  "capability"
                ]
              },
              "target": {
                "enum": [
                  "value-stream"
                ]
              }
            },
            "required": [
              "type",
              "source",
              "target"
            ],
            "additionalProperties": false
          },
          {
            "type": "object",
            "properties": {
              "type": {
                "type": "string",
                "enum": [
                  "assignment-relationship"
                ]
              },
              "source": {
                "enum": [
                  "resource"
                ]
              },
              "target": {
                "enum": [
                  "capability"
                ]
              }
            },
            "required": [
              "type",
              "source",
              "target"
            ],
            "additionalProperties": false
          },
          {
            "type": "object",
            "properties": {
              "type": {
                "type": "string",
                "enum": [
                  "association-relationship"
                ]
              },
              "source": {
                "enum": [
                  "value-stream"
                ]
              },
              "target": {
                "enum": [
                  "value"
                ]
              }
            },
            "required": [
              "type",
              "source",
              "target"
            ],
            "additionalProperties": false
          },
          {
            "type": "object",
            "properties": {
              "type": {
                "type": "string",
                "enum": [
                  "association-relationship"
                ]
              },
              "source": {
                "enum": [
                  "value-stream"
                ]
              },
              "target": {
                "enum": [
                  "value-stream"
                ]
              }
            },
            "required": [
              "type",
              "source",
              "target"
            ],
            "additionalProperties": false
          }
        ]
      }
    }
  },
  "required": [
    "nodes",
    "relationships"
  ],
  "additionalProperties": false
}